uniprot_id,Taxon ID,...3,database,name,entrez_id
P10828,9606 [Organism: human] [Scientific Name: Homo sapiens],NA,NPASS,Chelerythrine,7068
P10828,9606 [Organism: human] [Scientific Name: Homo sapiens],NA,NPASS,Resveratrol,7068
P10828,9606 [Organism: human] [Scientific Name: Homo sapiens],NA,NPASS,Emodin,7068
P19838,9606 [Organism: human] [Scientific Name: Homo sapiens],NA,NPASS,Chelerythrine,4790
P19838,9606 [Organism: human] [Scientific Name: Homo sapiens],NA,NPASS,Andrographolide,4790
P19838,9606 [Organism: human] [Scientific Name: Homo sapiens],NA,promiscuous,Resveratrol,4790
P19838,9606 [Organism: human] [Scientific Name: Homo sapiens],NA,promiscuous,Glycyrrhizic acid,4790
Q99714,9606 [Organism: human] [Scientific Name: Homo sapiens],NA,NPASS,Chelerythrine,3028
Q99714,9606 [Organism: human] [Scientific Name: Homo sapiens],NA,NPASS,Resveratrol,3028
Q99714,9606 [Organism: human] [Scientific Name: Homo sapiens],NA,NPASS,Emodin,3028
P51151,9606 [Organism: human] [Scientific Name: Homo sapiens],NA,NPASS,Chelerythrine,9367
P51151,9606 [Organism: human] [Scientific Name: Homo sapiens],NA,NPASS,Resveratrol,9367
P51151,9606 [Organism: human] [Scientific Name: Homo sapiens],NA,NPASS,Daidzin,9367
P51151,9606 [Organism: human] [Scientific Name: Homo sapiens],NA,NPASS,Cinobufotalin,9367
Q16637,9606 [Organism: human] [Scientific Name: Homo sapiens],NA,NPASS,Chelerythrine,6606
Q16637,9606 [Organism: human] [Scientific Name: Homo sapiens],NA,NPASS,Chelerythrine,6607
Q16637,9606 [Organism: human] [Scientific Name: Homo sapiens],NA,NPASS,Resveratrol,6606
Q16637,9606 [Organism: human] [Scientific Name: Homo sapiens],NA,NPASS,Resveratrol,6607
Q16637,9606 [Organism: human] [Scientific Name: Homo sapiens],NA,NPASS,Daidzin,6606
Q16637,9606 [Organism: human] [Scientific Name: Homo sapiens],NA,NPASS,Daidzin,6607
P16473,9606 [Organism: human] [Scientific Name: Homo sapiens],NA,NPASS,Chelerythrine,7253
P16473,9606 [Organism: human] [Scientific Name: Homo sapiens],NA,NPASS,Emodin,7253
Q9NUW8,9606 [Organism: human] [Scientific Name: Homo sapiens],NA,NPASS,Chelerythrine,55775
Q9NUW8,9606 [Organism: human] [Scientific Name: Homo sapiens],NA,NPASS,Emodin,55775
Q9NUW8,9606 [Organism: human] [Scientific Name: Homo sapiens],NA,promiscuous,Chenodeoxycholic acid,55775
P10636,9606 [Organism: human] [Scientific Name: Homo sapiens],NA,NPASS,Chelerythrine,4137
P10636,9606 [Organism: human] [Scientific Name: Homo sapiens],NA,NPASS,Resveratrol,4137
P10636,9606 [Organism: human] [Scientific Name: Homo sapiens],NA,NPASS,Honokiol,4137
P10636,9606 [Organism: human] [Scientific Name: Homo sapiens],NA,NPASS,Emodin,4137
P10636,9606 [Organism: human] [Scientific Name: Homo sapiens],NA,NPASS,Hyperoside,4137
P10636,9606 [Organism: human] [Scientific Name: Homo sapiens],NA,NPASS,Magnolol,4137
P33261,9606 [Organism: human] [Scientific Name: Homo sapiens],NA,NPASS,Chelerythrine,1557
P33261,9606 [Organism: human] [Scientific Name: Homo sapiens],NA,NPASS,Resveratrol,1557
P33261,9606 [Organism: human] [Scientific Name: Homo sapiens],NA,NPASS,Emodin,1557
P33261,9606 [Organism: human] [Scientific Name: Homo sapiens],NA,NPASS,Osthole,1557
Q16665,9606 [Organism: human] [Scientific Name: Homo sapiens],NA,NPASS,Chelerythrine,3091
Q16665,9606 [Organism: human] [Scientific Name: Homo sapiens],NA,NPASS,Resveratrol,3091
Q16665,9606 [Organism: human] [Scientific Name: Homo sapiens],NA,NPASS,Emodin,3091
P00352,9606 [Organism: human] [Scientific Name: Homo sapiens],NA,NPASS,Chelerythrine,216
P00352,9606 [Organism: human] [Scientific Name: Homo sapiens],NA,NPASS,Resveratrol,216
P00352,9606 [Organism: human] [Scientific Name: Homo sapiens],NA,NPASS,Cinnamaldehyde,216
P00352,9606 [Organism: human] [Scientific Name: Homo sapiens],NA,NPASS,Emodin,216
P00352,9606 [Organism: human] [Scientific Name: Homo sapiens],NA,NPASS,Artemisinin,216
P00352,9606 [Organism: human] [Scientific Name: Homo sapiens],NA,NPASS,Magnolol,216
P00352,9606 [Organism: human] [Scientific Name: Homo sapiens],NA,NPASS,Osthole,216
P16050,9606 [Organism: human] [Scientific Name: Homo sapiens],NA,NPASS,Chelerythrine,246
P16050,9606 [Organism: human] [Scientific Name: Homo sapiens],NA,NPASS,Emodin,246
P16050,9606 [Organism: human] [Scientific Name: Homo sapiens],NA,promiscuous,Resveratrol,246
P28482,9606 [Organism: human] [Scientific Name: Homo sapiens],NA,NPASS,Chelerythrine,5594
P28482,9606 [Organism: human] [Scientific Name: Homo sapiens],NA,NPASS,Cinnamaldehyde,5594
P28482,9606 [Organism: human] [Scientific Name: Homo sapiens],NA,NPASS,Emodin,5594
P28482,9606 [Organism: human] [Scientific Name: Homo sapiens],NA,NPASS,Hyperoside,5594
P18054,9606 [Organism: human] [Scientific Name: Homo sapiens],NA,NPASS,Chelerythrine,239
Q03164,9606 [Organism: human] [Scientific Name: Homo sapiens],NA,NPASS,Chelerythrine,4297
Q03164,9606 [Organism: human] [Scientific Name: Homo sapiens],NA,NPASS,Resveratrol,4297
Q03164,9606 [Organism: human] [Scientific Name: Homo sapiens],NA,NPASS,Honokiol,4297
Q03164,9606 [Organism: human] [Scientific Name: Homo sapiens],NA,NPASS,Emodin,4297
Q03164,9606 [Organism: human] [Scientific Name: Homo sapiens],NA,NPASS,Magnolol,4297
Q03164,9606 [Organism: human] [Scientific Name: Homo sapiens],NA,promiscuous,Chenodeoxycholic acid,4297
O15118,9606 [Organism: human] [Scientific Name: Homo sapiens],NA,NPASS,Chelerythrine,4864
O15118,9606 [Organism: human] [Scientific Name: Homo sapiens],NA,NPASS,Resveratrol,4864
O15118,9606 [Organism: human] [Scientific Name: Homo sapiens],NA,NPASS,Daidzin,4864
O15118,9606 [Organism: human] [Scientific Name: Homo sapiens],NA,NPASS,Cinobufotalin,4864
O15118,9606 [Organism: human] [Scientific Name: Homo sapiens],NA,NPASS,Emodin,4864
O75604,9606 [Organism: human] [Scientific Name: Homo sapiens],NA,NPASS,Chelerythrine,9099
P42345,9606 [Organism: human] [Scientific Name: Homo sapiens],NA,NPASS,Chelerythrine,2475
P42345,9606 [Organism: human] [Scientific Name: Homo sapiens],NA,NPASS,Resveratrol,2475
P15428,9606 [Organism: human] [Scientific Name: Homo sapiens],NA,NPASS,Chelerythrine,3248
P15428,9606 [Organism: human] [Scientific Name: Homo sapiens],NA,NPASS,Resveratrol,3248
P15428,9606 [Organism: human] [Scientific Name: Homo sapiens],NA,NPASS,Magnolol,3248
P40225,9606 [Organism: human] [Scientific Name: Homo sapiens],NA,NPASS,Chelerythrine,7066
P40225,9606 [Organism: human] [Scientific Name: Homo sapiens],NA,NPASS,Emodin,7066
P04637,9606 [Organism: human] [Scientific Name: Homo sapiens],NA,NPASS,Chelerythrine,7157
P04637,9606 [Organism: human] [Scientific Name: Homo sapiens],NA,NPASS,Resveratrol,7157
P04637,9606 [Organism: human] [Scientific Name: Homo sapiens],NA,NPASS,Daidzin,7157
P04637,9606 [Organism: human] [Scientific Name: Homo sapiens],NA,NPASS,Liquiritin,7157
P04637,9606 [Organism: human] [Scientific Name: Homo sapiens],NA,NPASS,Emodin,7157
P10635,9606 [Organism: human] [Scientific Name: Homo sapiens],NA,NPASS,Chelerythrine,1565
P10635,9606 [Organism: human] [Scientific Name: Homo sapiens],NA,NPASS,Emodin,1565
P10635,9606 [Organism: human] [Scientific Name: Homo sapiens],NA,NPASS,Osthole,1565
P08684,9606 [Organism: human] [Scientific Name: Homo sapiens],NA,NPASS,Chelerythrine,1576
P08684,9606 [Organism: human] [Scientific Name: Homo sapiens],NA,NPASS,Strychnine,1576
P08684,9606 [Organism: human] [Scientific Name: Homo sapiens],NA,NPASS,Resveratrol,1576
P08684,9606 [Organism: human] [Scientific Name: Homo sapiens],NA,NPASS,Narciclasine,1576
P08684,9606 [Organism: human] [Scientific Name: Homo sapiens],NA,NPASS,Emodin,1576
P08684,9606 [Organism: human] [Scientific Name: Homo sapiens],NA,NPASS,Artemisinin,1576
P08684,9606 [Organism: human] [Scientific Name: Homo sapiens],NA,NPASS,Osthole,1576
P08684,9606 [Organism: human] [Scientific Name: Homo sapiens],NA,promiscuous,Chenodeoxycholic acid,1576
P08684,9606 [Organism: human] [Scientific Name: Homo sapiens],NA,promiscuous,Tetrahydropalmatine,1576
P11712,9606 [Organism: human] [Scientific Name: Homo sapiens],NA,NPASS,Chelerythrine,1559
P11712,9606 [Organism: human] [Scientific Name: Homo sapiens],NA,NPASS,Resveratrol,1559
P11712,9606 [Organism: human] [Scientific Name: Homo sapiens],NA,NPASS,Emodin,1559
P11712,9606 [Organism: human] [Scientific Name: Homo sapiens],NA,NPASS,Artemisinin,1559
P11712,9606 [Organism: human] [Scientific Name: Homo sapiens],NA,NPASS,Osthole,1559
Q96QE3,9606 [Organism: human] [Scientific Name: Homo sapiens],NA,NPASS,Chelerythrine,79915
Q96QE3,9606 [Organism: human] [Scientific Name: Homo sapiens],NA,NPASS,Resveratrol,79915
Q96QE3,9606 [Organism: human] [Scientific Name: Homo sapiens],NA,NPASS,Daidzin,79915
Q96QE3,9606 [Organism: human] [Scientific Name: Homo sapiens],NA,NPASS,Liquiritin,79915
Q96QE3,9606 [Organism: human] [Scientific Name: Homo sapiens],NA,NPASS,Cinobufotalin,79915
Q16236,9606 [Organism: human] [Scientific Name: Homo sapiens],NA,NPASS,Chelerythrine,4780
Q16236,9606 [Organism: human] [Scientific Name: Homo sapiens],NA,NPASS,Resveratrol,4780
Q16236,9606 [Organism: human] [Scientific Name: Homo sapiens],NA,NPASS,Cinobufotalin,4780
Q16236,9606 [Organism: human] [Scientific Name: Homo sapiens],NA,NPASS,Cinnamaldehyde,4780
Q16236,9606 [Organism: human] [Scientific Name: Homo sapiens],NA,NPASS,Emodin,4780
Q92830,9606 [Organism: human] [Scientific Name: Homo sapiens],NA,NPASS,Chelerythrine,2648
Q92830,9606 [Organism: human] [Scientific Name: Homo sapiens],NA,NPASS,Strychnine,2648
Q96KQ7,9606 [Organism: human] [Scientific Name: Homo sapiens],NA,NPASS,Chelerythrine,10919
Q96KQ7,9606 [Organism: human] [Scientific Name: Homo sapiens],NA,NPASS,Resveratrol,10919
Q96KQ7,9606 [Organism: human] [Scientific Name: Homo sapiens],NA,NPASS,Emodin,10919
Q96KQ7,9606 [Organism: human] [Scientific Name: Homo sapiens],NA,NPASS,Hyperoside,10919
Q96KQ7,9606 [Organism: human] [Scientific Name: Homo sapiens],NA,NPASS,Magnolol,10919
P83916,9606 [Organism: human] [Scientific Name: Homo sapiens],NA,NPASS,Chelerythrine,10951
P83916,9606 [Organism: human] [Scientific Name: Homo sapiens],NA,NPASS,Resveratrol,10951
P83916,9606 [Organism: human] [Scientific Name: Homo sapiens],NA,NPASS,Daidzin,10951
P83916,9606 [Organism: human] [Scientific Name: Homo sapiens],NA,NPASS,Gentiopicroside,10951
P83916,9606 [Organism: human] [Scientific Name: Homo sapiens],NA,NPASS,Emodin,10951
P83916,9606 [Organism: human] [Scientific Name: Homo sapiens],NA,NPASS,Artemisinin,10951
P83916,9606 [Organism: human] [Scientific Name: Homo sapiens],NA,NPASS,Oxymatrine,10951
P83916,9606 [Organism: human] [Scientific Name: Homo sapiens],NA,NPASS,Osthole,10951
O15296,9606 [Organism: human] [Scientific Name: Homo sapiens],NA,NPASS,Chelerythrine,247
O15296,9606 [Organism: human] [Scientific Name: Homo sapiens],NA,NPASS,Resveratrol,247
O15296,9606 [Organism: human] [Scientific Name: Homo sapiens],NA,NPASS,Magnolol,247
P39748,9606 [Organism: human] [Scientific Name: Homo sapiens],NA,NPASS,Chelerythrine,2237
P39748,9606 [Organism: human] [Scientific Name: Homo sapiens],NA,NPASS,Honokiol,2237
P39748,9606 [Organism: human] [Scientific Name: Homo sapiens],NA,NPASS,Emodin,2237
P05177,9606 [Organism: human] [Scientific Name: Homo sapiens],NA,NPASS,Chelerythrine,1544
P05177,9606 [Organism: human] [Scientific Name: Homo sapiens],NA,NPASS,Resveratrol,1544
P05177,9606 [Organism: human] [Scientific Name: Homo sapiens],NA,NPASS,Artemisinin,1544
P11473,9606 [Organism: human] [Scientific Name: Homo sapiens],NA,NPASS,Chelerythrine,7421
P11473,9606 [Organism: human] [Scientific Name: Homo sapiens],NA,NPASS,Emodin,7421
Q99700,9606 [Organism: human] [Scientific Name: Homo sapiens],NA,NPASS,Chelerythrine,6311
Q99700,9606 [Organism: human] [Scientific Name: Homo sapiens],NA,NPASS,Resveratrol,6311
Q99700,9606 [Organism: human] [Scientific Name: Homo sapiens],NA,NPASS,Honokiol,6311
Q99700,9606 [Organism: human] [Scientific Name: Homo sapiens],NA,NPASS,Cinobufotalin,6311
Q99700,9606 [Organism: human] [Scientific Name: Homo sapiens],NA,NPASS,Magnolol,6311
P49798,9606 [Organism: human] [Scientific Name: Homo sapiens],NA,NPASS,Chelerythrine,5999
P49798,9606 [Organism: human] [Scientific Name: Homo sapiens],NA,NPASS,Resveratrol,5999
P49798,9606 [Organism: human] [Scientific Name: Homo sapiens],NA,NPASS,Emodin,5999
P11021,9606 [Organism: human] [Scientific Name: Homo sapiens],NA,NPASS,Chelerythrine,3309
P11021,9606 [Organism: human] [Scientific Name: Homo sapiens],NA,NPASS,Resveratrol,3309
P11021,9606 [Organism: human] [Scientific Name: Homo sapiens],NA,NPASS,Honokiol,3309
O94956,9606 [Organism: human] [Scientific Name: Homo sapiens],NA,NPASS,Chelerythrine,11309
Q9NPD5,9606 [Organism: human] [Scientific Name: Homo sapiens],NA,NPASS,Chelerythrine,28234
Q9NPD5,9606 [Organism: human] [Scientific Name: Homo sapiens],NA,NPASS,Andrographolide,28234
Q9NPD5,9606 [Organism: human] [Scientific Name: Homo sapiens],NA,NPASS,Strychnine,28234
Q9NPD5,9606 [Organism: human] [Scientific Name: Homo sapiens],NA,NPASS,Resveratrol,28234
Q9NPD5,9606 [Organism: human] [Scientific Name: Homo sapiens],NA,NPASS,Aconitine,28234
Q9NPD5,9606 [Organism: human] [Scientific Name: Homo sapiens],NA,NPASS,Tetrahydropalmatine,28234
Q9NPD5,9606 [Organism: human] [Scientific Name: Homo sapiens],NA,NPASS,Emodin,28234
Q9NPD5,9606 [Organism: human] [Scientific Name: Homo sapiens],NA,NPASS,Artemisinin,28234
Q9NPD5,9606 [Organism: human] [Scientific Name: Homo sapiens],NA,NPASS,Paeoniflorin,28234
Q9NPD5,9606 [Organism: human] [Scientific Name: Homo sapiens],NA,NPASS,Dioscin,28234
Q9NPD5,9606 [Organism: human] [Scientific Name: Homo sapiens],NA,NPASS,Sennoside A,28234
Q9NPD5,9606 [Organism: human] [Scientific Name: Homo sapiens],NA,NPASS,Hesperidin,28234
Q9NPD5,9606 [Organism: human] [Scientific Name: Homo sapiens],NA,NPASS,Osthole,28234
Q9NPD5,9606 [Organism: human] [Scientific Name: Homo sapiens],NA,promiscuous,Ginsenoside Rg1,28234
Q9NPD5,9606 [Organism: human] [Scientific Name: Homo sapiens],NA,promiscuous,Glycyrrhizic acid,28234
Q9NPD5,9606 [Organism: human] [Scientific Name: Homo sapiens],NA,drugbank,Ginsenoside Rb1,28234
Q9Y6L6,9606 [Organism: human] [Scientific Name: Homo sapiens],NA,NPASS,Chelerythrine,10599
Q9Y6L6,9606 [Organism: human] [Scientific Name: Homo sapiens],NA,NPASS,Andrographolide,10599
Q9Y6L6,9606 [Organism: human] [Scientific Name: Homo sapiens],NA,NPASS,Strychnine,10599
Q9Y6L6,9606 [Organism: human] [Scientific Name: Homo sapiens],NA,NPASS,Resveratrol,10599
Q9Y6L6,9606 [Organism: human] [Scientific Name: Homo sapiens],NA,NPASS,Aconitine,10599
Q9Y6L6,9606 [Organism: human] [Scientific Name: Homo sapiens],NA,NPASS,Tetrahydropalmatine,10599
Q9Y6L6,9606 [Organism: human] [Scientific Name: Homo sapiens],NA,NPASS,Emodin,10599
Q9Y6L6,9606 [Organism: human] [Scientific Name: Homo sapiens],NA,NPASS,Artemisinin,10599
Q9Y6L6,9606 [Organism: human] [Scientific Name: Homo sapiens],NA,NPASS,Paeoniflorin,10599
Q9Y6L6,9606 [Organism: human] [Scientific Name: Homo sapiens],NA,NPASS,Sennoside A,10599
Q9Y6L6,9606 [Organism: human] [Scientific Name: Homo sapiens],NA,NPASS,Hesperidin,10599
Q9Y6L6,9606 [Organism: human] [Scientific Name: Homo sapiens],NA,NPASS,Osthole,10599
Q9Y6L6,9606 [Organism: human] [Scientific Name: Homo sapiens],NA,promiscuous,Glycyrrhizic acid,10599
Q9P0L2,9606 [Organism: human] [Scientific Name: Homo sapiens],NA,NPASS,Chelerythrine,4139
Q9UPE1,9606 [Organism: human] [Scientific Name: Homo sapiens],NA,NPASS,Chelerythrine,26576
Q8TDX7,9606 [Organism: human] [Scientific Name: Homo sapiens],NA,NPASS,Chelerythrine,140609
P42684,9606 [Organism: human] [Scientific Name: Homo sapiens],NA,NPASS,Chelerythrine,27
O14965,9606 [Organism: human] [Scientific Name: Homo sapiens],NA,NPASS,Chelerythrine,6790
P78396,9606 [Organism: human] [Scientific Name: Homo sapiens],NA,NPASS,Chelerythrine,8900
O96020,9606 [Organism: human] [Scientific Name: Homo sapiens],NA,NPASS,Chelerythrine,9134
P48730,9606 [Organism: human] [Scientific Name: Homo sapiens],NA,NPASS,Chelerythrine,1453
P53355,9606 [Organism: human] [Scientific Name: Homo sapiens],NA,NPASS,Chelerythrine,1612
P54756,9606 [Organism: human] [Scientific Name: Homo sapiens],NA,NPASS,Chelerythrine,2044
P22607,9606 [Organism: human] [Scientific Name: Homo sapiens],NA,NPASS,Chelerythrine,2261
P22455,9606 [Organism: human] [Scientific Name: Homo sapiens],NA,NPASS,Chelerythrine,2264
P06241,9606 [Organism: human] [Scientific Name: Homo sapiens],NA,NPASS,Chelerythrine,2534
P08631,9606 [Organism: human] [Scientific Name: Homo sapiens],NA,NPASS,Chelerythrine,3055
O15111,9606 [Organism: human] [Scientific Name: Homo sapiens],NA,NPASS,Chelerythrine,1147
O14920,9606 [Organism: human] [Scientific Name: Homo sapiens],NA,NPASS,Chelerythrine,3551
P53779,9606 [Organism: human] [Scientific Name: Homo sapiens],NA,NPASS,Chelerythrine,5602
Q02750,9606 [Organism: human] [Scientific Name: Homo sapiens],NA,NPASS,Chelerythrine,5604
Q02750,9606 [Organism: human] [Scientific Name: Homo sapiens],NA,NPASS,Emodin,5604
Q13043,9606 [Organism: human] [Scientific Name: Homo sapiens],NA,NPASS,Chelerythrine,6789
Q9UBE8,9606 [Organism: human] [Scientific Name: Homo sapiens],NA,NPASS,Chelerythrine,51701
P19784,9606 [Organism: human] [Scientific Name: Homo sapiens],NA,NPASS,Chelerythrine,1459
P19784,9606 [Organism: human] [Scientific Name: Homo sapiens],NA,NPASS,Emodin,1459
Q9UIK4,9606 [Organism: human] [Scientific Name: Homo sapiens],NA,NPASS,Chelerythrine,23604
Q15375,9606 [Organism: human] [Scientific Name: Homo sapiens],NA,NPASS,Chelerythrine,2045
Q12851,9606 [Organism: human] [Scientific Name: Homo sapiens],NA,NPASS,Chelerythrine,5871
P08069,9606 [Organism: human] [Scientific Name: Homo sapiens],NA,NPASS,Chelerythrine,3480
P35968,9606 [Organism: human] [Scientific Name: Homo sapiens],NA,NPASS,Chelerythrine,3791
Q14680,9606 [Organism: human] [Scientific Name: Homo sapiens],NA,NPASS,Chelerythrine,9833
Q13188,9606 [Organism: human] [Scientific Name: Homo sapiens],NA,NPASS,Chelerythrine,6788
Q13177,9606 [Organism: human] [Scientific Name: Homo sapiens],NA,NPASS,Chelerythrine,5062
Q96GD4,9606 [Organism: human] [Scientific Name: Homo sapiens],NA,NPASS,Chelerythrine,9212
Q96GD4,9606 [Organism: human] [Scientific Name: Homo sapiens],NA,promiscuous,Hesperidin,9212
Q00526,9606 [Organism: human] [Scientific Name: Homo sapiens],NA,NPASS,Chelerythrine,1018
P16591,9606 [Organism: human] [Scientific Name: Homo sapiens],NA,NPASS,Chelerythrine,2241
P34947,9606 [Organism: human] [Scientific Name: Homo sapiens],NA,NPASS,Chelerythrine,2869
P06213,9606 [Organism: human] [Scientific Name: Homo sapiens],NA,NPASS,Chelerythrine,3643
P53667,9606 [Organism: human] [Scientific Name: Homo sapiens],NA,NPASS,Chelerythrine,3984
Q8N4C8,9606 [Organism: human] [Scientific Name: Homo sapiens],NA,NPASS,Chelerythrine,50488
Q9UQB9,9606 [Organism: human] [Scientific Name: Homo sapiens],NA,NPASS,Chelerythrine,6795
Q15078,9606 [Organism: human] [Scientific Name: Homo sapiens],NA,NPASS,Chelerythrine,8851
Q15078,9606 [Organism: human] [Scientific Name: Homo sapiens],NA,NPASS,Hyperoside,8851
Q8N568,9606 [Organism: human] [Scientific Name: Homo sapiens],NA,NPASS,Chelerythrine,166614
P29322,9606 [Organism: human] [Scientific Name: Homo sapiens],NA,NPASS,Chelerythrine,2046
P43250,9606 [Organism: human] [Scientific Name: Homo sapiens],NA,NPASS,Chelerythrine,2870
P43250,9606 [Organism: human] [Scientific Name: Homo sapiens],NA,NPASS,Scutellarein,2870
Q15831,9606 [Organism: human] [Scientific Name: Homo sapiens],NA,NPASS,Chelerythrine,6794
Q9Y6E0,9606 [Organism: human] [Scientific Name: Homo sapiens],NA,NPASS,Chelerythrine,8428
O75914,9606 [Organism: human] [Scientific Name: Homo sapiens],NA,NPASS,Chelerythrine,5063
P30530,9606 [Organism: human] [Scientific Name: Homo sapiens],NA,NPASS,Chelerythrine,558
P49760,9606 [Organism: human] [Scientific Name: Homo sapiens],NA,NPASS,Chelerythrine,1196
Q16832,9606 [Organism: human] [Scientific Name: Homo sapiens],NA,NPASS,Chelerythrine,4921
P54762,9606 [Organism: human] [Scientific Name: Homo sapiens],NA,NPASS,Chelerythrine,2047
P52564,9606 [Organism: human] [Scientific Name: Homo sapiens],NA,NPASS,Chelerythrine,5608
Q12866,9606 [Organism: human] [Scientific Name: Homo sapiens],NA,NPASS,Chelerythrine,10461
Q07912,9606 [Organism: human] [Scientific Name: Homo sapiens],NA,NPASS,Chelerythrine,10188
P49761,9606 [Organism: human] [Scientific Name: Homo sapiens],NA,NPASS,Chelerythrine,1198
Q09013,9606 [Organism: human] [Scientific Name: Homo sapiens],NA,NPASS,Chelerythrine,1760
P29323,9606 [Organism: human] [Scientific Name: Homo sapiens],NA,NPASS,Chelerythrine,2048
Q8WTQ7,9606 [Organism: human] [Scientific Name: Homo sapiens],NA,NPASS,Chelerythrine,131890
P51617,9606 [Organism: human] [Scientific Name: Homo sapiens],NA,NPASS,Chelerythrine,3654
O94804,9606 [Organism: human] [Scientific Name: Homo sapiens],NA,NPASS,Chelerythrine,6793
O14733,9606 [Organism: human] [Scientific Name: Homo sapiens],NA,NPASS,Chelerythrine,5609
P08581,9606 [Organism: human] [Scientific Name: Homo sapiens],NA,NPASS,Chelerythrine,4233
Q9UM73,9606 [Organism: human] [Scientific Name: Homo sapiens],NA,NPASS,Chelerythrine,238
Q13882,9606 [Organism: human] [Scientific Name: Homo sapiens],NA,NPASS,Chelerythrine,5753
Q00534,9606 [Organism: human] [Scientific Name: Homo sapiens],NA,NPASS,Chelerythrine,1021
P49840,9606 [Organism: human] [Scientific Name: Homo sapiens],NA,NPASS,Chelerythrine,2931
Q9NWZ3,9606 [Organism: human] [Scientific Name: Homo sapiens],NA,NPASS,Chelerythrine,51135
P06239,9606 [Organism: human] [Scientific Name: Homo sapiens],NA,NPASS,Chelerythrine,3932
P06239,9606 [Organism: human] [Scientific Name: Homo sapiens],NA,NPASS,Resveratrol,3932
P06239,9606 [Organism: human] [Scientific Name: Homo sapiens],NA,NPASS,Emodin,3932
Q15746,9606 [Organism: human] [Scientific Name: Homo sapiens],NA,NPASS,Chelerythrine,4638
P36896,9606 [Organism: human] [Scientific Name: Homo sapiens],NA,NPASS,Chelerythrine,91
Q06187,9606 [Organism: human] [Scientific Name: Homo sapiens],NA,NPASS,Chelerythrine,695
P50613,9606 [Organism: human] [Scientific Name: Homo sapiens],NA,NPASS,Chelerythrine,1022
P41240,9606 [Organism: human] [Scientific Name: Homo sapiens],NA,NPASS,Chelerythrine,1445
P41240,9606 [Organism: human] [Scientific Name: Homo sapiens],NA,NPASS,Emodin,1445
Q9UEE5,9606 [Organism: human] [Scientific Name: Homo sapiens],NA,NPASS,Chelerythrine,9263
P54753,9606 [Organism: human] [Scientific Name: Homo sapiens],NA,NPASS,Chelerythrine,2049
P07332,9606 [Organism: human] [Scientific Name: Homo sapiens],NA,NPASS,Chelerythrine,2242
P49841,9606 [Organism: human] [Scientific Name: Homo sapiens],NA,NPASS,Chelerythrine,2932
P49841,9606 [Organism: human] [Scientific Name: Homo sapiens],NA,NPASS,Emodin,2932
P49841,9606 [Organism: human] [Scientific Name: Homo sapiens],NA,NPASS,Hesperidin,2932
P14616,9606 [Organism: human] [Scientific Name: Homo sapiens],NA,NPASS,Chelerythrine,3645
Q9HBH9,9606 [Organism: human] [Scientific Name: Homo sapiens],NA,NPASS,Chelerythrine,2872
Q13131,9606 [Organism: human] [Scientific Name: Homo sapiens],NA,NPASS,Chelerythrine,5562
P51451,9606 [Organism: human] [Scientific Name: Homo sapiens],NA,NPASS,Chelerythrine,640
P50750,9606 [Organism: human] [Scientific Name: Homo sapiens],NA,NPASS,Chelerythrine,1025
Q14012,9606 [Organism: human] [Scientific Name: Homo sapiens],NA,NPASS,Chelerythrine,8536
Q92630,9606 [Organism: human] [Scientific Name: Homo sapiens],NA,NPASS,Chelerythrine,8445
P54760,9606 [Organism: human] [Scientific Name: Homo sapiens],NA,NPASS,Chelerythrine,2050
P80192,9606 [Organism: human] [Scientific Name: Homo sapiens],NA,NPASS,Chelerythrine,4293
O15146,9606 [Organism: human] [Scientific Name: Homo sapiens],NA,NPASS,Chelerythrine,4593
O14757,9606 [Organism: human] [Scientific Name: Homo sapiens],NA,NPASS,Chelerythrine,1111
O14757,9606 [Organism: human] [Scientific Name: Homo sapiens],NA,NPASS,Emodin,1111
Q13554,9606 [Organism: human] [Scientific Name: Homo sapiens],NA,NPASS,Chelerythrine,816
P00533,9606 [Organism: human] [Scientific Name: Homo sapiens],NA,NPASS,Chelerythrine,1956
P09769,9606 [Organism: human] [Scientific Name: Homo sapiens],NA,NPASS,Chelerythrine,2268
P09769,9606 [Organism: human] [Scientific Name: Homo sapiens],NA,NPASS,Emodin,2268
Q86Z02,9606 [Organism: human] [Scientific Name: Homo sapiens],NA,NPASS,Chelerythrine,204851
Q08881,9606 [Organism: human] [Scientific Name: Homo sapiens],NA,NPASS,Chelerythrine,3702
P07948,9606 [Organism: human] [Scientific Name: Homo sapiens],NA,NPASS,Chelerythrine,4067
P07948,9606 [Organism: human] [Scientific Name: Homo sapiens],NA,NPASS,Emodin,4067
Q5VT25,9606 [Organism: human] [Scientific Name: Homo sapiens],NA,NPASS,Chelerythrine,8476
Q8NG66,9606 [Organism: human] [Scientific Name: Homo sapiens],NA,NPASS,Chelerythrine,79858
Q9UGI9,9606 [Organism: human] [Scientific Name: Homo sapiens],NA,NPASS,Chelerythrine,53632
P51813,9606 [Organism: human] [Scientific Name: Homo sapiens],NA,NPASS,Chelerythrine,660
Q15303,9606 [Organism: human] [Scientific Name: Homo sapiens],NA,NPASS,Chelerythrine,2066
P17948,9606 [Organism: human] [Scientific Name: Homo sapiens],NA,NPASS,Chelerythrine,2321
Q9H2X6,9606 [Organism: human] [Scientific Name: Homo sapiens],NA,NPASS,Chelerythrine,28996
O60674,9606 [Organism: human] [Scientific Name: Homo sapiens],NA,NPASS,Chelerythrine,3717
P27361,9606 [Organism: human] [Scientific Name: Homo sapiens],NA,NPASS,Chelerythrine,5595
O60285,9606 [Organism: human] [Scientific Name: Homo sapiens],NA,NPASS,Chelerythrine,9891
Q8TDC3,9606 [Organism: human] [Scientific Name: Homo sapiens],NA,NPASS,Chelerythrine,84446
O96017,9606 [Organism: human] [Scientific Name: Homo sapiens],NA,NPASS,Chelerythrine,11200
Q13555,9606 [Organism: human] [Scientific Name: Homo sapiens],NA,NPASS,Chelerythrine,818
P21709,9606 [Organism: human] [Scientific Name: Homo sapiens],NA,NPASS,Chelerythrine,2041
Q05397,9606 [Organism: human] [Scientific Name: Homo sapiens],NA,NPASS,Chelerythrine,5747
P36888,9606 [Organism: human] [Scientific Name: Homo sapiens],NA,NPASS,Chelerythrine,2322
P36888,9606 [Organism: human] [Scientific Name: Homo sapiens],NA,NPASS,Scutellarein,2322
Q9H422,9606 [Organism: human] [Scientific Name: Homo sapiens],NA,NPASS,Chelerythrine,10114
P52333,9606 [Organism: human] [Scientific Name: Homo sapiens],NA,NPASS,Chelerythrine,3718
Q9Y5S2,9606 [Organism: human] [Scientific Name: Homo sapiens],NA,NPASS,Chelerythrine,9578
P51955,9606 [Organism: human] [Scientific Name: Homo sapiens],NA,NPASS,Chelerythrine,4751
Q99683,9606 [Organism: human] [Scientific Name: Homo sapiens],NA,NPASS,Chelerythrine,4217
Q8IWQ3,9606 [Organism: human] [Scientific Name: Homo sapiens],NA,NPASS,Chelerythrine,9024
Q9HCP0,9606 [Organism: human] [Scientific Name: Homo sapiens],NA,NPASS,Chelerythrine,53944
Q13557,9606 [Organism: human] [Scientific Name: Homo sapiens],NA,NPASS,Chelerythrine,817
P29317,9606 [Organism: human] [Scientific Name: Homo sapiens],NA,NPASS,Chelerythrine,1969
P11362,9606 [Organism: human] [Scientific Name: Homo sapiens],NA,NPASS,Chelerythrine,2260
O75582,9606 [Organism: human] [Scientific Name: Homo sapiens],NA,NPASS,Chelerythrine,9252
O75582,9606 [Organism: human] [Scientific Name: Homo sapiens],NA,NPASS,Emodin,9252
P51956,9606 [Organism: human] [Scientific Name: Homo sapiens],NA,NPASS,Chelerythrine,4752
P78368,9606 [Organism: human] [Scientific Name: Homo sapiens],NA,NPASS,Chelerythrine,1455
Q16566,9606 [Organism: human] [Scientific Name: Homo sapiens],NA,NPASS,Chelerythrine,814
P29320,9606 [Organism: human] [Scientific Name: Homo sapiens],NA,NPASS,Chelerythrine,2042
P35916,9606 [Organism: human] [Scientific Name: Homo sapiens],NA,NPASS,Chelerythrine,2324
Q8TF76,9606 [Organism: human] [Scientific Name: Homo sapiens],NA,NPASS,Chelerythrine,83903
P45983,9606 [Organism: human] [Scientific Name: Homo sapiens],NA,NPASS,Chelerythrine,5599
P49137,9606 [Organism: human] [Scientific Name: Homo sapiens],NA,NPASS,Chelerythrine,9261
P49137,9606 [Organism: human] [Scientific Name: Homo sapiens],NA,NPASS,Emodin,9261
O75676,9606 [Organism: human] [Scientific Name: Homo sapiens],NA,NPASS,Chelerythrine,8986
Q9HC98,9606 [Organism: human] [Scientific Name: Homo sapiens],NA,NPASS,Chelerythrine,10783
P00519,9606 [Organism: human] [Scientific Name: Homo sapiens],NA,NPASS,Chelerythrine,25
P00519,9606 [Organism: human] [Scientific Name: Homo sapiens],NA,promiscuous,Resveratrol,25
O95067,9606 [Organism: human] [Scientific Name: Homo sapiens],NA,NPASS,Chelerythrine,9133
P21802,9606 [Organism: human] [Scientific Name: Homo sapiens],NA,NPASS,Chelerythrine,2263
P07333,9606 [Organism: human] [Scientific Name: Homo sapiens],NA,NPASS,Chelerythrine,1436
P45984,9606 [Organism: human] [Scientific Name: Homo sapiens],NA,NPASS,Chelerythrine,5601
P45984,9606 [Organism: human] [Scientific Name: Homo sapiens],NA,NPASS,Emodin,5601
Q16644,9606 [Organism: human] [Scientific Name: Homo sapiens],NA,NPASS,Chelerythrine,7867
Q9Y6M4,9606 [Organism: human] [Scientific Name: Homo sapiens],NA,NPASS,Chelerythrine,1456
Q8IU85,9606 [Organism: human] [Scientific Name: Homo sapiens],NA,NPASS,Chelerythrine,57118
P54764,9606 [Organism: human] [Scientific Name: Homo sapiens],NA,NPASS,Chelerythrine,2043
P17612,9606 [Organism: human] [Scientific Name: Homo sapiens],NA,NPASS,Chelerythrine,5566
Q04759,9606 [Organism: human] [Scientific Name: Homo sapiens],NA,NPASS,Chelerythrine,5588
Q9P1W9,9606 [Organism: human] [Scientific Name: Homo sapiens],NA,NPASS,Chelerythrine,11040
Q86V86,9606 [Organism: human] [Scientific Name: Homo sapiens],NA,NPASS,Chelerythrine,415116
Q06418,9606 [Organism: human] [Scientific Name: Homo sapiens],NA,NPASS,Chelerythrine,7301
Q15418,9606 [Organism: human] [Scientific Name: Homo sapiens],NA,NPASS,Chelerythrine,6195
Q15418,9606 [Organism: human] [Scientific Name: Homo sapiens],NA,NPASS,Emodin,6195
P57059,9606 [Organism: human] [Scientific Name: Homo sapiens],NA,NPASS,Chelerythrine,102724428
P57059,9606 [Organism: human] [Scientific Name: Homo sapiens],NA,NPASS,Chelerythrine,150094
Q86UE8,9606 [Organism: human] [Scientific Name: Homo sapiens],NA,NPASS,Chelerythrine,11011
Q9BYP7,9606 [Organism: human] [Scientific Name: Homo sapiens],NA,NPASS,Chelerythrine,65267
P31749,9606 [Organism: human] [Scientific Name: Homo sapiens],NA,NPASS,Chelerythrine,207
P31749,9606 [Organism: human] [Scientific Name: Homo sapiens],NA,NPASS,Andrographolide,207
P31749,9606 [Organism: human] [Scientific Name: Homo sapiens],NA,NPASS,Emodin,207
P31749,9606 [Organism: human] [Scientific Name: Homo sapiens],NA,promiscuous,Resveratrol,207
P41743,9606 [Organism: human] [Scientific Name: Homo sapiens],NA,NPASS,Chelerythrine,5584
Q96SB4,9606 [Organism: human] [Scientific Name: Homo sapiens],NA,NPASS,Chelerythrine,6732
Q9BXA7,9606 [Organism: human] [Scientific Name: Homo sapiens],NA,NPASS,Chelerythrine,83942
P07947,9606 [Organism: human] [Scientific Name: Homo sapiens],NA,NPASS,Chelerythrine,7525
P53350,9606 [Organism: human] [Scientific Name: Homo sapiens],NA,NPASS,Chelerythrine,5347
P53350,9606 [Organism: human] [Scientific Name: Homo sapiens],NA,NPASS,Emodin,5347
P51812,9606 [Organism: human] [Scientific Name: Homo sapiens],NA,NPASS,Chelerythrine,6197
P78362,9606 [Organism: human] [Scientific Name: Homo sapiens],NA,NPASS,Chelerythrine,6733
Q96PF2,9606 [Organism: human] [Scientific Name: Homo sapiens],NA,NPASS,Chelerythrine,23617
P43403,9606 [Organism: human] [Scientific Name: Homo sapiens],NA,NPASS,Chelerythrine,7535
P31751,9606 [Organism: human] [Scientific Name: Homo sapiens],NA,NPASS,Chelerythrine,208
Q15139,9606 [Organism: human] [Scientific Name: Homo sapiens],NA,NPASS,Chelerythrine,5587
Q9H4B4,9606 [Organism: human] [Scientific Name: Homo sapiens],NA,NPASS,Chelerythrine,1263
Q15349,9606 [Organism: human] [Scientific Name: Homo sapiens],NA,NPASS,Chelerythrine,6196
Q9BYT3,9606 [Organism: human] [Scientific Name: Homo sapiens],NA,NPASS,Chelerythrine,65975
P42680,9606 [Organism: human] [Scientific Name: Homo sapiens],NA,NPASS,Chelerythrine,7006
Q9Y243,9606 [Organism: human] [Scientific Name: Homo sapiens],NA,NPASS,Chelerythrine,10000
Q9BZL6,9606 [Organism: human] [Scientific Name: Homo sapiens],NA,NPASS,Chelerythrine,25865
P51817,9606 [Organism: human] [Scientific Name: Homo sapiens],NA,NPASS,Chelerythrine,5613
Q9UK32,9606 [Organism: human] [Scientific Name: Homo sapiens],NA,NPASS,Chelerythrine,27330
O43293,9606 [Organism: human] [Scientific Name: Homo sapiens],NA,NPASS,Chelerythrine,1613
O96013,9606 [Organism: human] [Scientific Name: Homo sapiens],NA,NPASS,Chelerythrine,10298
P17252,9606 [Organism: human] [Scientific Name: Homo sapiens],NA,NPASS,Chelerythrine,5578
P17252,9606 [Organism: human] [Scientific Name: Homo sapiens],NA,NPASS,Resveratrol,5578
P17252,9606 [Organism: human] [Scientific Name: Homo sapiens],NA,NPASS,Emodin,5578
P17252,9606 [Organism: human] [Scientific Name: Homo sapiens],NA,promiscuous,Acteoside,5578
Q9NYY3,9606 [Organism: human] [Scientific Name: Homo sapiens],NA,NPASS,Chelerythrine,10769
Q02763,9606 [Organism: human] [Scientific Name: Homo sapiens],NA,NPASS,Chelerythrine,7010
P04049,9606 [Organism: human] [Scientific Name: Homo sapiens],NA,NPASS,Chelerythrine,5894
Q9P286,9606 [Organism: human] [Scientific Name: Homo sapiens],NA,NPASS,Chelerythrine,57144
Q13976,9606 [Organism: human] [Scientific Name: Homo sapiens],NA,NPASS,Chelerythrine,5592
Q14289,9606 [Organism: human] [Scientific Name: Homo sapiens],NA,NPASS,Chelerythrine,2185
Q16539,9606 [Organism: human] [Scientific Name: Homo sapiens],NA,NPASS,Chelerythrine,1432
Q16539,9606 [Organism: human] [Scientific Name: Homo sapiens],NA,NPASS,Emodin,1432
P43405,9606 [Organism: human] [Scientific Name: Homo sapiens],NA,NPASS,Chelerythrine,6850
P43405,9606 [Organism: human] [Scientific Name: Homo sapiens],NA,NPASS,Emodin,6850
P04629,9606 [Organism: human] [Scientific Name: Homo sapiens],NA,NPASS,Chelerythrine,4914
P10721,9606 [Organism: human] [Scientific Name: Homo sapiens],NA,NPASS,Chelerythrine,3815
P05771,9606 [Organism: human] [Scientific Name: Homo sapiens],NA,NPASS,Chelerythrine,5579
O43353,9606 [Organism: human] [Scientific Name: Homo sapiens],NA,NPASS,Chelerythrine,8767
Q15759,9606 [Organism: human] [Scientific Name: Homo sapiens],NA,NPASS,Chelerythrine,5600
Q15759,9606 [Organism: human] [Scientific Name: Homo sapiens],NA,NPASS,Emodin,5600
O43318,9606 [Organism: human] [Scientific Name: Homo sapiens],NA,NPASS,Chelerythrine,6885
Q16620,9606 [Organism: human] [Scientific Name: Homo sapiens],NA,NPASS,Chelerythrine,4915
Q9NQU5,9606 [Organism: human] [Scientific Name: Homo sapiens],NA,NPASS,Chelerythrine,106821730
Q9NQU5,9606 [Organism: human] [Scientific Name: Homo sapiens],NA,NPASS,Chelerythrine,56924
Q8IW41,9606 [Organism: human] [Scientific Name: Homo sapiens],NA,NPASS,Chelerythrine,8550
Q8IW41,9606 [Organism: human] [Scientific Name: Homo sapiens],NA,NPASS,Emodin,8550
Q13464,9606 [Organism: human] [Scientific Name: Homo sapiens],NA,NPASS,Chelerythrine,6093
P53778,9606 [Organism: human] [Scientific Name: Homo sapiens],NA,NPASS,Chelerythrine,6300
P53778,9606 [Organism: human] [Scientific Name: Homo sapiens],NA,NPASS,Emodin,6300
P12931,9606 [Organism: human] [Scientific Name: Homo sapiens],NA,NPASS,Chelerythrine,6714
P12931,9606 [Organism: human] [Scientific Name: Homo sapiens],NA,NPASS,Emodin,6714
Q7KZI7,9606 [Organism: human] [Scientific Name: Homo sapiens],NA,NPASS,Chelerythrine,2011
P05129,9606 [Organism: human] [Scientific Name: Homo sapiens],NA,NPASS,Chelerythrine,5582
Q7L7X3,9606 [Organism: human] [Scientific Name: Homo sapiens],NA,NPASS,Chelerythrine,57551
P42681,9606 [Organism: human] [Scientific Name: Homo sapiens],NA,NPASS,Chelerythrine,7294
O00418,9606 [Organism: human] [Scientific Name: Homo sapiens],NA,NPASS,Chelerythrine,29904
Q16513,9606 [Organism: human] [Scientific Name: Homo sapiens],NA,NPASS,Chelerythrine,5586
O75116,9606 [Organism: human] [Scientific Name: Homo sapiens],NA,NPASS,Chelerythrine,9475
O75116,9606 [Organism: human] [Scientific Name: Homo sapiens],NA,NPASS,Emodin,9475
O15264,9606 [Organism: human] [Scientific Name: Homo sapiens],NA,NPASS,Chelerythrine,5603
O15264,9606 [Organism: human] [Scientific Name: Homo sapiens],NA,NPASS,Emodin,5603
Q9UL54,9606 [Organism: human] [Scientific Name: Homo sapiens],NA,NPASS,Chelerythrine,9344
Q8IYT8,9606 [Organism: human] [Scientific Name: Homo sapiens],NA,NPASS,Chelerythrine,9706
Q96RG2,9606 [Organism: human] [Scientific Name: Homo sapiens],NA,NPASS,Chelerythrine,23178
Q05655,9606 [Organism: human] [Scientific Name: Homo sapiens],NA,NPASS,Chelerythrine,5580
P42685,9606 [Organism: human] [Scientific Name: Homo sapiens],NA,NPASS,Chelerythrine,2444
P07949,9606 [Organism: human] [Scientific Name: Homo sapiens],NA,NPASS,Chelerythrine,5979
O00141,9606 [Organism: human] [Scientific Name: Homo sapiens],NA,NPASS,Chelerythrine,6446
O00141,9606 [Organism: human] [Scientific Name: Homo sapiens],NA,NPASS,Emodin,6446
Q9H2K8,9606 [Organism: human] [Scientific Name: Homo sapiens],NA,NPASS,Chelerythrine,51347
Q6PHR2,9606 [Organism: human] [Scientific Name: Homo sapiens],NA,NPASS,Chelerythrine,25989
P16234,9606 [Organism: human] [Scientific Name: Homo sapiens],NA,NPASS,Chelerythrine,5156
Q02156,9606 [Organism: human] [Scientific Name: Homo sapiens],NA,NPASS,Chelerythrine,5581
P15735,9606 [Organism: human] [Scientific Name: Homo sapiens],NA,NPASS,Chelerythrine,5261
Q04912,9606 [Organism: human] [Scientific Name: Homo sapiens],NA,NPASS,Chelerythrine,4486
P09619,9606 [Organism: human] [Scientific Name: Homo sapiens],NA,NPASS,Chelerythrine,5159
Q05513,9606 [Organism: human] [Scientific Name: Homo sapiens],NA,NPASS,Chelerythrine,5590
Q9HBY8,9606 [Organism: human] [Scientific Name: Homo sapiens],NA,NPASS,Chelerythrine,10110
Q9UHD2,9606 [Organism: human] [Scientific Name: Homo sapiens],NA,NPASS,Chelerythrine,29110
Q86Y07,9606 [Organism: human] [Scientific Name: Homo sapiens],NA,NPASS,Chelerythrine,7444
P23443,9606 [Organism: human] [Scientific Name: Homo sapiens],NA,NPASS,Chelerythrine,6198
P23443,9606 [Organism: human] [Scientific Name: Homo sapiens],NA,NPASS,Emodin,6198
P11309,9606 [Organism: human] [Scientific Name: Homo sapiens],NA,NPASS,Chelerythrine,5292
P11309,9606 [Organism: human] [Scientific Name: Homo sapiens],NA,NPASS,Emodin,5292
P08922,9606 [Organism: human] [Scientific Name: Homo sapiens],NA,NPASS,Chelerythrine,6098
Q96BR1,9606 [Organism: human] [Scientific Name: Homo sapiens],NA,NPASS,Chelerythrine,23678
Q96BR1,9606 [Organism: human] [Scientific Name: Homo sapiens],NA,NPASS,Chelerythrine,100533105
P36897,9606 [Organism: human] [Scientific Name: Homo sapiens],NA,NPASS,Chelerythrine,7046
Q9Y3S1,9606 [Organism: human] [Scientific Name: Homo sapiens],NA,NPASS,Chelerythrine,65268
O15530,9606 [Organism: human] [Scientific Name: Homo sapiens],NA,NPASS,Chelerythrine,5170
O15530,9606 [Organism: human] [Scientific Name: Homo sapiens],NA,NPASS,Emodin,5170
P24723,9606 [Organism: human] [Scientific Name: Homo sapiens],NA,NPASS,Chelerythrine,5583
P15289,9606 [Organism: human] [Scientific Name: Homo sapiens],NA,NPASS,Chelerythrine,410
P15289,9606 [Organism: human] [Scientific Name: Homo sapiens],NA,NPASS,Resveratrol,410
P15289,9606 [Organism: human] [Scientific Name: Homo sapiens],NA,NPASS,Emodin,410
P27695,9606 [Organism: human] [Scientific Name: Homo sapiens],NA,NPASS,Chelerythrine,328
P27695,9606 [Organism: human] [Scientific Name: Homo sapiens],NA,NPASS,Resveratrol,328
P27695,9606 [Organism: human] [Scientific Name: Homo sapiens],NA,NPASS,Honokiol,328
P27695,9606 [Organism: human] [Scientific Name: Homo sapiens],NA,NPASS,Emodin,328
P27695,9606 [Organism: human] [Scientific Name: Homo sapiens],NA,NPASS,Artemisinin,328
P27695,9606 [Organism: human] [Scientific Name: Homo sapiens],NA,NPASS,Hyperoside,328
P27695,9606 [Organism: human] [Scientific Name: Homo sapiens],NA,NPASS,Sennoside A,328
P20711,9606 [Organism: human] [Scientific Name: Homo sapiens],NA,NPASS,Chelerythrine,1644
P33527,9606 [Organism: human] [Scientific Name: Homo sapiens],NA,NPASS,Schizandrin,4363
P33527,9606 [Organism: human] [Scientific Name: Homo sapiens],NA,NPASS,Schisantherin A,4363
Q99685,9606 [Organism: human] [Scientific Name: Homo sapiens],NA,NPASS,Puerarin,11343
P00915,9606 [Organism: human] [Scientific Name: Homo sapiens],NA,NPASS,Puerarin,759
P00915,9606 [Organism: human] [Scientific Name: Homo sapiens],NA,NPASS,Resveratrol,759
P00915,9606 [Organism: human] [Scientific Name: Homo sapiens],NA,promiscuous,Ferulic acid,759
P00918,9606 [Organism: human] [Scientific Name: Homo sapiens],NA,NPASS,Puerarin,760
P00918,9606 [Organism: human] [Scientific Name: Homo sapiens],NA,NPASS,Resveratrol,760
P00918,9606 [Organism: human] [Scientific Name: Homo sapiens],NA,promiscuous,Ferulic acid,760
P22748,9606 [Organism: human] [Scientific Name: Homo sapiens],NA,NPASS,Puerarin,762
P22748,9606 [Organism: human] [Scientific Name: Homo sapiens],NA,NPASS,Resveratrol,762
P22748,9606 [Organism: human] [Scientific Name: Homo sapiens],NA,promiscuous,Ferulic acid,762
P43166,9606 [Organism: human] [Scientific Name: Homo sapiens],NA,NPASS,Puerarin,766
P43166,9606 [Organism: human] [Scientific Name: Homo sapiens],NA,NPASS,Resveratrol,766
P43166,9606 [Organism: human] [Scientific Name: Homo sapiens],NA,promiscuous,Ferulic acid,766
O43570,9606 [Organism: human] [Scientific Name: Homo sapiens],NA,NPASS,Puerarin,771
O43570,9606 [Organism: human] [Scientific Name: Homo sapiens],NA,NPASS,Resveratrol,771
O43570,9606 [Organism: human] [Scientific Name: Homo sapiens],NA,promiscuous,Ferulic acid,771
P10275,9606 [Organism: human] [Scientific Name: Homo sapiens],NA,NPASS,Andrographolide,367
P10275,9606 [Organism: human] [Scientific Name: Homo sapiens],NA,NPASS,Resveratrol,367
P10275,9606 [Organism: human] [Scientific Name: Homo sapiens],NA,NPASS,Cinnamaldehyde,367
P10275,9606 [Organism: human] [Scientific Name: Homo sapiens],NA,NPASS,Emodin,367
Q16445,9606 [Organism: human] [Scientific Name: Homo sapiens],NA,NPASS,Scutellarein,2559
P04745,9606 [Organism: human] [Scientific Name: Homo sapiens],NA,NPASS,Scutellarein,277
P04745,9606 [Organism: human] [Scientific Name: Homo sapiens],NA,NPASS,Scutellarein,276
P04745,9606 [Organism: human] [Scientific Name: Homo sapiens],NA,NPASS,Scutellarein,278
Q9Y3R4,9606 [Organism: human] [Scientific Name: Homo sapiens],NA,NPASS,Scutellarein,4759
Q9Y3R4,9606 [Organism: human] [Scientific Name: Homo sapiens],NA,NPASS,Emodin,4759
P04798,9606 [Organism: human] [Scientific Name: Homo sapiens],NA,NPASS,Scutellarein,1543
P04798,9606 [Organism: human] [Scientific Name: Homo sapiens],NA,NPASS,Resveratrol,1543
Q16678,9606 [Organism: human] [Scientific Name: Homo sapiens],NA,NPASS,Scutellarein,1545
Q16678,9606 [Organism: human] [Scientific Name: Homo sapiens],NA,NPASS,Resveratrol,1545
P51649,9606 [Organism: human] [Scientific Name: Homo sapiens],NA,NPASS,Scutellarein,7915
P51649,9606 [Organism: human] [Scientific Name: Homo sapiens],NA,NPASS,Gastrodin,7915
P22309,9606 [Organism: human] [Scientific Name: Homo sapiens],NA,NPASS,Scutellarein,54658
P22309,9606 [Organism: human] [Scientific Name: Homo sapiens],NA,NPASS,Emodin,54658
P22309,9606 [Organism: human] [Scientific Name: Homo sapiens],NA,NPASS,Borneol,54658
O75874,9606 [Organism: human] [Scientific Name: Homo sapiens],NA,NPASS,Scutellarein,3417
O75874,9606 [Organism: human] [Scientific Name: Homo sapiens],NA,NPASS,Resveratrol,3417
O75874,9606 [Organism: human] [Scientific Name: Homo sapiens],NA,NPASS,Ginsenoside Rb1,3417
O75874,9606 [Organism: human] [Scientific Name: Homo sapiens],NA,NPASS,Cinobufotalin,3417
O75874,9606 [Organism: human] [Scientific Name: Homo sapiens],NA,NPASS,Cinnamaldehyde,3417
Q13332,9606 [Organism: human] [Scientific Name: Homo sapiens],NA,NPASS,Scutellarein,5802
P18433,9606 [Organism: human] [Scientific Name: Homo sapiens],NA,NPASS,Scutellarein,5786
P18031,9606 [Organism: human] [Scientific Name: Homo sapiens],NA,NPASS,Scutellarein,5770
P18031,9606 [Organism: human] [Scientific Name: Homo sapiens],NA,NPASS,Resveratrol,5770
P18031,9606 [Organism: human] [Scientific Name: Homo sapiens],NA,NPASS,Liquiritin,5770
P18031,9606 [Organism: human] [Scientific Name: Homo sapiens],NA,NPASS,Hyperoside,5770
P29350,9606 [Organism: human] [Scientific Name: Homo sapiens],NA,NPASS,Scutellarein,5777
Q9NY46,9606 [Organism: human] [Scientific Name: Homo sapiens],NA,NPASS,Strychnine,6328
P24046,9606 [Organism: human] [Scientific Name: Homo sapiens],NA,NPASS,Strychnine,2569
Q13951,9606 [Organism: human] [Scientific Name: Homo sapiens],NA,NPASS,Strychnine,865
Q13951,9606 [Organism: human] [Scientific Name: Homo sapiens],NA,NPASS,Resveratrol,865
Q13951,9606 [Organism: human] [Scientific Name: Homo sapiens],NA,NPASS,Emodin,865
Q13951,9606 [Organism: human] [Scientific Name: Homo sapiens],NA,NPASS,Artemisinin,865
P11388,9606 [Organism: human] [Scientific Name: Homo sapiens],NA,NPASS,Ginsenoside Rb3,7153
P11388,9606 [Organism: human] [Scientific Name: Homo sapiens],NA,NPASS,Ginsenoside Rd,7153
P11388,9606 [Organism: human] [Scientific Name: Homo sapiens],NA,NPASS,Ginsenoside Re,7153
P11388,9606 [Organism: human] [Scientific Name: Homo sapiens],NA,NPASS,Ginsenoside Rb1,7153
P11387,9606 [Organism: human] [Scientific Name: Homo sapiens],NA,NPASS,Ginsenoside Rb3,7150
P11387,9606 [Organism: human] [Scientific Name: Homo sapiens],NA,NPASS,Ginsenoside Rd,7150
P11387,9606 [Organism: human] [Scientific Name: Homo sapiens],NA,NPASS,Ginsenoside Re,7150
P11387,9606 [Organism: human] [Scientific Name: Homo sapiens],NA,NPASS,Ginsenoside Rb1,7150
P23219,9606 [Organism: human] [Scientific Name: Homo sapiens],NA,NPASS,Salidroside,5742
P23219,9606 [Organism: human] [Scientific Name: Homo sapiens],NA,NPASS,Resveratrol,5742
P23219,9606 [Organism: human] [Scientific Name: Homo sapiens],NA,NPASS,Phillyrin,5742
P23219,9606 [Organism: human] [Scientific Name: Homo sapiens],NA,NPASS,Osthole,5742
P03372,9606 [Organism: human] [Scientific Name: Homo sapiens],NA,NPASS,Resveratrol,2099
P03372,9606 [Organism: human] [Scientific Name: Homo sapiens],NA,NPASS,Tetrahydropalmatine,2099
P03372,9606 [Organism: human] [Scientific Name: Homo sapiens],NA,NPASS,Isoalantolactone,2099
P03372,9606 [Organism: human] [Scientific Name: Homo sapiens],NA,NPASS,Cinnamaldehyde,2099
P03372,9606 [Organism: human] [Scientific Name: Homo sapiens],NA,NPASS,Emodin,2099
P03372,9606 [Organism: human] [Scientific Name: Homo sapiens],NA,NPASS,Paeoniflorin,2099
P08183,9606 [Organism: human] [Scientific Name: Homo sapiens],NA,NPASS,Resveratrol,5243
P08183,9606 [Organism: human] [Scientific Name: Homo sapiens],NA,NPASS,Osthole,5243
P11274,9606 [Organism: human] [Scientific Name: Homo sapiens],NA,NPASS,Resveratrol,613
P35354,9606 [Organism: human] [Scientific Name: Homo sapiens],NA,NPASS,Resveratrol,5743
P35354,9606 [Organism: human] [Scientific Name: Homo sapiens],NA,NPASS,Cinnamaldehyde,5743
Q96EB6,9606 [Organism: human] [Scientific Name: Homo sapiens],NA,NPASS,Resveratrol,23411
Q8IXJ6,9606 [Organism: human] [Scientific Name: Homo sapiens],NA,NPASS,Resveratrol,22933
Q9NTG7,9606 [Organism: human] [Scientific Name: Homo sapiens],NA,NPASS,Resveratrol,23410
P11511,9606 [Organism: human] [Scientific Name: Homo sapiens],NA,NPASS,Resveratrol,1588
P16083,9606 [Organism: human] [Scientific Name: Homo sapiens],NA,NPASS,Resveratrol,4835
Q92887,9606 [Organism: human] [Scientific Name: Homo sapiens],NA,NPASS,Resveratrol,1244
Q92887,9606 [Organism: human] [Scientific Name: Homo sapiens],NA,promiscuous,Ursodeoxycholic acid,1244
P11926,9606 [Organism: human] [Scientific Name: Homo sapiens],NA,NPASS,Resveratrol,4953
P14679,9606 [Organism: human] [Scientific Name: Homo sapiens],NA,NPASS,Resveratrol,7299
P09960,9606 [Organism: human] [Scientific Name: Homo sapiens],NA,NPASS,Resveratrol,4048
Q07817,9606 [Organism: human] [Scientific Name: Homo sapiens],NA,NPASS,Resveratrol,598
P07451,9606 [Organism: human] [Scientific Name: Homo sapiens],NA,NPASS,Resveratrol,761
P07451,9606 [Organism: human] [Scientific Name: Homo sapiens],NA,promiscuous,Ferulic acid,761
P35218,9606 [Organism: human] [Scientific Name: Homo sapiens],NA,NPASS,Resveratrol,763
P35218,9606 [Organism: human] [Scientific Name: Homo sapiens],NA,promiscuous,Ferulic acid,763
Q9Y2D0,9606 [Organism: human] [Scientific Name: Homo sapiens],NA,NPASS,Resveratrol,11238
Q9Y2D0,9606 [Organism: human] [Scientific Name: Homo sapiens],NA,promiscuous,Ferulic acid,11238
P23280,9606 [Organism: human] [Scientific Name: Homo sapiens],NA,NPASS,Resveratrol,765
P23280,9606 [Organism: human] [Scientific Name: Homo sapiens],NA,promiscuous,Ferulic acid,765
Q16790,9606 [Organism: human] [Scientific Name: Homo sapiens],NA,NPASS,Resveratrol,768
Q16790,9606 [Organism: human] [Scientific Name: Homo sapiens],NA,promiscuous,Ferulic acid,768
Q8N1Q1,9606 [Organism: human] [Scientific Name: Homo sapiens],NA,NPASS,Resveratrol,377677
Q9ULX7,9606 [Organism: human] [Scientific Name: Homo sapiens],NA,NPASS,Resveratrol,23632
Q9ULX7,9606 [Organism: human] [Scientific Name: Homo sapiens],NA,promiscuous,Ferulic acid,23632
P02545,9606 [Organism: human] [Scientific Name: Homo sapiens],NA,NPASS,Resveratrol,4000
P02545,9606 [Organism: human] [Scientific Name: Homo sapiens],NA,NPASS,Cinnamaldehyde,4000
P02545,9606 [Organism: human] [Scientific Name: Homo sapiens],NA,NPASS,Emodin,4000
P02545,9606 [Organism: human] [Scientific Name: Homo sapiens],NA,NPASS,Hyperoside,4000
Q04206,9606 [Organism: human] [Scientific Name: Homo sapiens],NA,NPASS,Resveratrol,5970
B2RXH2,9606 [Organism: human] [Scientific Name: Homo sapiens],NA,NPASS,Resveratrol,390245
B2RXH2,9606 [Organism: human] [Scientific Name: Homo sapiens],NA,NPASS,Hyperoside,390245
B2RXH2,9606 [Organism: human] [Scientific Name: Homo sapiens],NA,NPASS,Magnolol,390245
B2RXH2,9606 [Organism: human] [Scientific Name: Homo sapiens],NA,promiscuous,Ferulic acid,390245
Q01453,9606 [Organism: human] [Scientific Name: Homo sapiens],NA,NPASS,Resveratrol,5376
P54132,9606 [Organism: human] [Scientific Name: Homo sapiens],NA,NPASS,Resveratrol,641
P54132,9606 [Organism: human] [Scientific Name: Homo sapiens],NA,NPASS,Emodin,641
P42858,9606 [Organism: human] [Scientific Name: Homo sapiens],NA,NPASS,Resveratrol,3064
P06746,9606 [Organism: human] [Scientific Name: Homo sapiens],NA,NPASS,Resveratrol,5423
P06746,9606 [Organism: human] [Scientific Name: Homo sapiens],NA,NPASS,Honokiol,5423
P06746,9606 [Organism: human] [Scientific Name: Homo sapiens],NA,NPASS,Emodin,5423
P06746,9606 [Organism: human] [Scientific Name: Homo sapiens],NA,NPASS,Hyperoside,5423
P06746,9606 [Organism: human] [Scientific Name: Homo sapiens],NA,NPASS,Hesperidin,5423
P10253,9606 [Organism: human] [Scientific Name: Homo sapiens],NA,NPASS,Resveratrol,2548
P10253,9606 [Organism: human] [Scientific Name: Homo sapiens],NA,NPASS,Honokiol,2548
P10253,9606 [Organism: human] [Scientific Name: Homo sapiens],NA,NPASS,Hyperoside,2548
P10253,9606 [Organism: human] [Scientific Name: Homo sapiens],NA,NPASS,Magnolol,2548
P07711,9606 [Organism: human] [Scientific Name: Homo sapiens],NA,NPASS,Resveratrol,1514
P35869,9606 [Organism: human] [Scientific Name: Homo sapiens],NA,NPASS,Resveratrol,196
P35869,9606 [Organism: human] [Scientific Name: Homo sapiens],NA,NPASS,Emodin,196
Q92731,9606 [Organism: human] [Scientific Name: Homo sapiens],NA,NPASS,Resveratrol,2100
Q92731,9606 [Organism: human] [Scientific Name: Homo sapiens],NA,NPASS,Emodin,2100
P55789,9606 [Organism: human] [Scientific Name: Homo sapiens],NA,NPASS,Resveratrol,2671
Q99549,9606 [Organism: human] [Scientific Name: Homo sapiens],NA,NPASS,Resveratrol,54737
Q99549,9606 [Organism: human] [Scientific Name: Homo sapiens],NA,NPASS,Emodin,54737
P28907,9606 [Organism: human] [Scientific Name: Homo sapiens],NA,NPASS,Resveratrol,952
Q9UNA4,9606 [Organism: human] [Scientific Name: Homo sapiens],NA,NPASS,Resveratrol,11201
Q9UNA4,9606 [Organism: human] [Scientific Name: Homo sapiens],NA,NPASS,Liquiritin,11201
Q9UNA4,9606 [Organism: human] [Scientific Name: Homo sapiens],NA,NPASS,Emodin,11201
Q9UNA4,9606 [Organism: human] [Scientific Name: Homo sapiens],NA,NPASS,Hesperidin,11201
Q03181,9606 [Organism: human] [Scientific Name: Homo sapiens],NA,NPASS,Resveratrol,5467
Q03181,9606 [Organism: human] [Scientific Name: Homo sapiens],NA,NPASS,Cinnamaldehyde,5467
Q03181,9606 [Organism: human] [Scientific Name: Homo sapiens],NA,NPASS,Emodin,5467
P37231,9606 [Organism: human] [Scientific Name: Homo sapiens],NA,NPASS,Resveratrol,5468
P37231,9606 [Organism: human] [Scientific Name: Homo sapiens],NA,NPASS,Emodin,5468
Q9UBT6,9606 [Organism: human] [Scientific Name: Homo sapiens],NA,NPASS,Resveratrol,51426
Q9UBT6,9606 [Organism: human] [Scientific Name: Homo sapiens],NA,NPASS,Emodin,51426
P04150,9606 [Organism: human] [Scientific Name: Homo sapiens],NA,NPASS,Resveratrol,2908
P04150,9606 [Organism: human] [Scientific Name: Homo sapiens],NA,NPASS,Emodin,2908
P04150,9606 [Organism: human] [Scientific Name: Homo sapiens],NA,promiscuous,Ursodeoxycholic acid,2908
P23975,9606 [Organism: human] [Scientific Name: Homo sapiens],NA,NPASS,Resveratrol,6530
P21397,9606 [Organism: human] [Scientific Name: Homo sapiens],NA,NPASS,Resveratrol,4128
O75496,9606 [Organism: human] [Scientific Name: Homo sapiens],NA,NPASS,Resveratrol,51053
O75496,9606 [Organism: human] [Scientific Name: Homo sapiens],NA,NPASS,Honokiol,51053
O75496,9606 [Organism: human] [Scientific Name: Homo sapiens],NA,NPASS,Liquiritin,51053
O75496,9606 [Organism: human] [Scientific Name: Homo sapiens],NA,NPASS,Cinnamaldehyde,51053
O75496,9606 [Organism: human] [Scientific Name: Homo sapiens],NA,NPASS,Emodin,51053
O75496,9606 [Organism: human] [Scientific Name: Homo sapiens],NA,NPASS,Artemisinin,51053
O75496,9606 [Organism: human] [Scientific Name: Homo sapiens],NA,NPASS,Magnolol,51053
O75496,9606 [Organism: human] [Scientific Name: Homo sapiens],NA,NPASS,Osthole,51053
P43220,9606 [Organism: human] [Scientific Name: Homo sapiens],NA,NPASS,Resveratrol,2740
P43220,9606 [Organism: human] [Scientific Name: Homo sapiens],NA,NPASS,Honokiol,2740
P43220,9606 [Organism: human] [Scientific Name: Homo sapiens],NA,NPASS,Magnolol,2740
P43220,9606 [Organism: human] [Scientific Name: Homo sapiens],NA,NPASS,Osthole,2740
P38398,9606 [Organism: human] [Scientific Name: Homo sapiens],NA,NPASS,Resveratrol,672
P38398,9606 [Organism: human] [Scientific Name: Homo sapiens],NA,NPASS,Daidzin,672
P51449,9606 [Organism: human] [Scientific Name: Homo sapiens],NA,NPASS,Resveratrol,6097
P51449,9606 [Organism: human] [Scientific Name: Homo sapiens],NA,NPASS,Cinnamaldehyde,6097
P51449,9606 [Organism: human] [Scientific Name: Homo sapiens],NA,NPASS,Emodin,6097
Q12778,9606 [Organism: human] [Scientific Name: Homo sapiens],NA,NPASS,Resveratrol,2308
P01106,9606 [Organism: human] [Scientific Name: Homo sapiens],NA,NPASS,Resveratrol,4609
P05067,9606 [Organism: human] [Scientific Name: Homo sapiens],NA,NPASS,Resveratrol,351
P27338,9606 [Organism: human] [Scientific Name: Homo sapiens],NA,NPASS,Resveratrol,4129
P27338,9606 [Organism: human] [Scientific Name: Homo sapiens],NA,NPASS,Daidzin,4129
Q8WZA2,9606 [Organism: human] [Scientific Name: Homo sapiens],NA,NPASS,Resveratrol,11069
Q8WZA2,9606 [Organism: human] [Scientific Name: Homo sapiens],NA,NPASS,Honokiol,11069
Q8WZA2,9606 [Organism: human] [Scientific Name: Homo sapiens],NA,NPASS,Magnolol,11069
Q8WZA2,9606 [Organism: human] [Scientific Name: Homo sapiens],NA,NPASS,Osthole,11069
Q03431,9606 [Organism: human] [Scientific Name: Homo sapiens],NA,NPASS,Resveratrol,5745
Q03431,9606 [Organism: human] [Scientific Name: Homo sapiens],NA,NPASS,Honokiol,5745
Q03431,9606 [Organism: human] [Scientific Name: Homo sapiens],NA,NPASS,Cinobufotalin,5745
Q03431,9606 [Organism: human] [Scientific Name: Homo sapiens],NA,NPASS,Cinnamaldehyde,5745
Q03431,9606 [Organism: human] [Scientific Name: Homo sapiens],NA,NPASS,Emodin,5745
Q03431,9606 [Organism: human] [Scientific Name: Homo sapiens],NA,NPASS,Magnolol,5745
Q9NR56,9606 [Organism: human] [Scientific Name: Homo sapiens],NA,NPASS,Resveratrol,4154
Q9NR56,9606 [Organism: human] [Scientific Name: Homo sapiens],NA,NPASS,Liquiritin,4154
Q9NR56,9606 [Organism: human] [Scientific Name: Homo sapiens],NA,NPASS,Emodin,4154
Q9NR56,9606 [Organism: human] [Scientific Name: Homo sapiens],NA,NPASS,Hyperoside,4154
P42336,9606 [Organism: human] [Scientific Name: Homo sapiens],NA,NPASS,Resveratrol,5290
P42338,9606 [Organism: human] [Scientific Name: Homo sapiens],NA,NPASS,Resveratrol,5291
O14746,9606 [Organism: human] [Scientific Name: Homo sapiens],NA,NPASS,Resveratrol,7015
P05091,9606 [Organism: human] [Scientific Name: Homo sapiens],NA,NPASS,Daidzin,217
P60568,9606 [Organism: human] [Scientific Name: Homo sapiens],NA,NPASS,Daidzin,3558
P09917,9606 [Organism: human] [Scientific Name: Homo sapiens],NA,NPASS,Honokiol,240
P09917,9606 [Organism: human] [Scientific Name: Homo sapiens],NA,NPASS,Osthole,240
P09917,9606 [Organism: human] [Scientific Name: Homo sapiens],NA,promiscuous,Resveratrol,240
P19793,9606 [Organism: human] [Scientific Name: Homo sapiens],NA,NPASS,Honokiol,6256
P19793,9606 [Organism: human] [Scientific Name: Homo sapiens],NA,NPASS,Emodin,6256
O75164,9606 [Organism: human] [Scientific Name: Homo sapiens],NA,NPASS,Honokiol,9682
O75164,9606 [Organism: human] [Scientific Name: Homo sapiens],NA,NPASS,Emodin,9682
O75164,9606 [Organism: human] [Scientific Name: Homo sapiens],NA,NPASS,Hesperidin,9682
P47870,9606 [Organism: human] [Scientific Name: Homo sapiens],NA,NPASS,Honokiol,2561
P47870,9606 [Organism: human] [Scientific Name: Homo sapiens],NA,NPASS,Magnolol,2561
Q9GZV3,9606 [Organism: human] [Scientific Name: Homo sapiens],NA,NPASS,Honokiol,60482
Q9GZV3,9606 [Organism: human] [Scientific Name: Homo sapiens],NA,NPASS,Magnolol,60482
P84022,9606 [Organism: human] [Scientific Name: Homo sapiens],NA,NPASS,Honokiol,4088
P84022,9606 [Organism: human] [Scientific Name: Homo sapiens],NA,NPASS,Gentiopicroside,4088
P84022,9606 [Organism: human] [Scientific Name: Homo sapiens],NA,NPASS,Cinobufotalin,4088
P84022,9606 [Organism: human] [Scientific Name: Homo sapiens],NA,NPASS,Magnolol,4088
P17405,9606 [Organism: human] [Scientific Name: Homo sapiens],NA,NPASS,Honokiol,6609
Q9Y2T6,9606 [Organism: human] [Scientific Name: Homo sapiens],NA,NPASS,Honokiol,9290
Q9Y2T6,9606 [Organism: human] [Scientific Name: Homo sapiens],NA,NPASS,Magnolol,9290
P21554,9606 [Organism: human] [Scientific Name: Homo sapiens],NA,NPASS,Honokiol,1268
P21554,9606 [Organism: human] [Scientific Name: Homo sapiens],NA,NPASS,Magnolol,1268
P34972,9606 [Organism: human] [Scientific Name: Homo sapiens],NA,NPASS,Honokiol,1269
P34972,9606 [Organism: human] [Scientific Name: Homo sapiens],NA,NPASS,Magnolol,1269
P37840,9606 [Organism: human] [Scientific Name: Homo sapiens],NA,NPASS,Honokiol,6622
P37840,9606 [Organism: human] [Scientific Name: Homo sapiens],NA,promiscuous,Resveratrol,6622
P18507,9606 [Organism: human] [Scientific Name: Homo sapiens],NA,NPASS,Honokiol,2566
O94782,9606 [Organism: human] [Scientific Name: Homo sapiens],NA,NPASS,Gentiopicroside,7398
O94782,9606 [Organism: human] [Scientific Name: Homo sapiens],NA,NPASS,Emodin,7398
O94782,9606 [Organism: human] [Scientific Name: Homo sapiens],NA,NPASS,Artemisinin,7398
O94782,9606 [Organism: human] [Scientific Name: Homo sapiens],NA,NPASS,Osthole,7398
P07550,9606 [Organism: human] [Scientific Name: Homo sapiens],NA,NPASS,Liquiritin,154
Q9UIF8,9606 [Organism: human] [Scientific Name: Homo sapiens],NA,NPASS,Liquiritin,29994
Q9UIF8,9606 [Organism: human] [Scientific Name: Homo sapiens],NA,NPASS,Hyperoside,29994
Q9UIF8,9606 [Organism: human] [Scientific Name: Homo sapiens],NA,NPASS,Hesperidin,29994
P07237,9606 [Organism: human] [Scientific Name: Homo sapiens],NA,NPASS,Liquiritin,5034
P51790,9606 [Organism: human] [Scientific Name: Homo sapiens],NA,NPASS,Bufalin,1182
P13726,9606 [Organism: human] [Scientific Name: Homo sapiens],NA,NPASS,Tetrahydropalmatine,2152
P08908,9606 [Organism: human] [Scientific Name: Homo sapiens],NA,NPASS,Tetrahydropalmatine,3350
P08908,9606 [Organism: human] [Scientific Name: Homo sapiens],NA,NPASS,Hyperoside,3350
P14416,9606 [Organism: human] [Scientific Name: Homo sapiens],NA,NPASS,Tetrahydropalmatine,1813
P21728,9606 [Organism: human] [Scientific Name: Homo sapiens],NA,NPASS,Tetrahydropalmatine,1812
P28223,9606 [Organism: human] [Scientific Name: Homo sapiens],NA,NPASS,Tetrahydropalmatine,3356
O94925,9606 [Organism: human] [Scientific Name: Homo sapiens],NA,NPASS,Cinobufotalin,2744
O94925,9606 [Organism: human] [Scientific Name: Homo sapiens],NA,NPASS,Hesperidin,2744
O75762,9606 [Organism: human] [Scientific Name: Homo sapiens],NA,NPASS,Cinnamaldehyde,8989
O76074,9606 [Organism: human] [Scientific Name: Homo sapiens],NA,NPASS,Cinnamaldehyde,8654
P47989,9606 [Organism: human] [Scientific Name: Homo sapiens],NA,NPASS,Cinnamaldehyde,7498
P10145,9606 [Organism: human] [Scientific Name: Homo sapiens],NA,NPASS,Cinnamaldehyde,3576
P10145,9606 [Organism: human] [Scientific Name: Homo sapiens],NA,NPASS,Emodin,3576
P29372,9606 [Organism: human] [Scientific Name: Homo sapiens],NA,NPASS,Cinnamaldehyde,4350
Q8NHB7,9606 [Organism: human] [Scientific Name: Homo sapiens],NA,NPASS,Cinnamaldehyde,26339
P08246,9606 [Organism: human] [Scientific Name: Homo sapiens],NA,NPASS,Emodin,1991
P08311,9606 [Organism: human] [Scientific Name: Homo sapiens],NA,NPASS,Emodin,1511
Q9H244,9606 [Organism: human] [Scientific Name: Homo sapiens],NA,NPASS,Emodin,64805
P68400,9606 [Organism: human] [Scientific Name: Homo sapiens],NA,NPASS,Emodin,1457
P68400,9606 [Organism: human] [Scientific Name: Homo sapiens],NA,promiscuous,Resveratrol,1457
P22612,9606 [Organism: human] [Scientific Name: Homo sapiens],NA,NPASS,Emodin,5568
P54646,9606 [Organism: human] [Scientific Name: Homo sapiens],NA,NPASS,Emodin,5563
P24941,9606 [Organism: human] [Scientific Name: Homo sapiens],NA,NPASS,Emodin,1017
P48729,9606 [Organism: human] [Scientific Name: Homo sapiens],NA,NPASS,Emodin,1452
Q9Y4K4,9606 [Organism: human] [Scientific Name: Homo sapiens],NA,NPASS,Emodin,11183
Q13627,9606 [Organism: human] [Scientific Name: Homo sapiens],NA,NPASS,Emodin,1859
Q9HC16,9606 [Organism: human] [Scientific Name: Homo sapiens],NA,NPASS,Emodin,60489
Q96RI1,9606 [Organism: human] [Scientific Name: Homo sapiens],NA,NPASS,Emodin,9971
Q96RI1,9606 [Organism: human] [Scientific Name: Homo sapiens],NA,promiscuous,Ursodeoxycholic acid,9971
Q96RI1,9606 [Organism: human] [Scientific Name: Homo sapiens],NA,promiscuous,Chenodeoxycholic acid,9971
Q96RI1,9606 [Organism: human] [Scientific Name: Homo sapiens],NA,drugbank,Deoxycholic acid,9971
Q12809,9606 [Organism: human] [Scientific Name: Homo sapiens],NA,NPASS,Emodin,3757
Q9Y253,9606 [Organism: human] [Scientific Name: Homo sapiens],NA,NPASS,Emodin,5429
Q9Y253,9606 [Organism: human] [Scientific Name: Homo sapiens],NA,NPASS,Hesperidin,5429
Q9HAW8,9606 [Organism: human] [Scientific Name: Homo sapiens],NA,NPASS,Emodin,54575
P35503,9606 [Organism: human] [Scientific Name: Homo sapiens],NA,NPASS,Emodin,54659
P35503,9606 [Organism: human] [Scientific Name: Homo sapiens],NA,NPASS,Borneol,54659
P22310,9606 [Organism: human] [Scientific Name: Homo sapiens],NA,NPASS,Emodin,54657
P22310,9606 [Organism: human] [Scientific Name: Homo sapiens],NA,NPASS,Borneol,54657
P19224,9606 [Organism: human] [Scientific Name: Homo sapiens],NA,NPASS,Emodin,54578
P19224,9606 [Organism: human] [Scientific Name: Homo sapiens],NA,NPASS,Borneol,54578
Q9HAW9,9606 [Organism: human] [Scientific Name: Homo sapiens],NA,NPASS,Emodin,54576
Q9HAW9,9606 [Organism: human] [Scientific Name: Homo sapiens],NA,NPASS,Borneol,54576
O60656,9606 [Organism: human] [Scientific Name: Homo sapiens],NA,NPASS,Emodin,54600
O60656,9606 [Organism: human] [Scientific Name: Homo sapiens],NA,NPASS,Borneol,54600
P54855,9606 [Organism: human] [Scientific Name: Homo sapiens],NA,NPASS,Emodin,7366
P54855,9606 [Organism: human] [Scientific Name: Homo sapiens],NA,NPASS,Borneol,7366
O75365,9606 [Organism: human] [Scientific Name: Homo sapiens],NA,NPASS,Emodin,11156
Q13526,9606 [Organism: human] [Scientific Name: Homo sapiens],NA,NPASS,Emodin,5300
Q13526,9606 [Organism: human] [Scientific Name: Homo sapiens],NA,NPASS,Hesperidin,5300
P11308,9606 [Organism: human] [Scientific Name: Homo sapiens],NA,NPASS,Emodin,2078
P04792,9606 [Organism: human] [Scientific Name: Homo sapiens],NA,NPASS,Emodin,3315
P34913,9606 [Organism: human] [Scientific Name: Homo sapiens],NA,NPASS,Emodin,2053
P34913,9606 [Organism: human] [Scientific Name: Homo sapiens],NA,NPASS,Hyperoside,2053
Q13148,9606 [Organism: human] [Scientific Name: Homo sapiens],NA,NPASS,Artemisinin,23435
Q13148,9606 [Organism: human] [Scientific Name: Homo sapiens],NA,NPASS,Magnolol,23435
P20813,9606 [Organism: human] [Scientific Name: Homo sapiens],NA,NPASS,Artemisinin,1555
O75469,9606 [Organism: human] [Scientific Name: Homo sapiens],NA,NPASS,Artemisinin,8856
O75469,9606 [Organism: human] [Scientific Name: Homo sapiens],NA,promiscuous,Resveratrol,8856
O75469,9606 [Organism: human] [Scientific Name: Homo sapiens],NA,promiscuous,Chenodeoxycholic acid,8856
Q14994,9606 [Organism: human] [Scientific Name: Homo sapiens],NA,NPASS,Artemisinin,9970
Q14994,9606 [Organism: human] [Scientific Name: Homo sapiens],NA,promiscuous,Resveratrol,9970
P80404,9606 [Organism: human] [Scientific Name: Homo sapiens],NA,NPASS,Gastrodin,18
P06280,9606 [Organism: human] [Scientific Name: Homo sapiens],NA,NPASS,Hyperoside,2717
P04062,9606 [Organism: human] [Scientific Name: Homo sapiens],NA,NPASS,Hyperoside,2629
P04062,9606 [Organism: human] [Scientific Name: Homo sapiens],NA,NPASS,Osthole,2629
P15121,9606 [Organism: human] [Scientific Name: Homo sapiens],NA,NPASS,Hyperoside,231
P15121,9606 [Organism: human] [Scientific Name: Homo sapiens],NA,promiscuous,Emodin,231
Q9Y4X1,9606 [Organism: human] [Scientific Name: Homo sapiens],NA,NPASS,Borneol,10941
Q9Y4X1,9606 [Organism: human] [Scientific Name: Homo sapiens],NA,NPASS,Borneol,574537
P16662,9606 [Organism: human] [Scientific Name: Homo sapiens],NA,NPASS,Borneol,7364
P16662,9606 [Organism: human] [Scientific Name: Homo sapiens],NA,promiscuous,Chenodeoxycholic acid,7364
Q6W5P4,9606 [Organism: human] [Scientific Name: Homo sapiens],NA,NPASS,Magnolol,387129
Q02410,9606 [Organism: human] [Scientific Name: Homo sapiens],NA,NPASS,Hesperidin,320
P62158,9606 [Organism: human] [Scientific Name: Homo sapiens],NA,NPASS,Hesperidin,801
P62158,9606 [Organism: human] [Scientific Name: Homo sapiens],NA,NPASS,Hesperidin,805
P62158,9606 [Organism: human] [Scientific Name: Homo sapiens],NA,NPASS,Hesperidin,808
Q9GZU7,9606 [Organism: human] [Scientific Name: Homo sapiens],NA,NPASS,Hesperidin,58190
Q9Y251,9606 [Organism: human] [Scientific Name: Homo sapiens],NA,NPASS,Hesperidin,10855
P63092,9606 [Organism: human] [Scientific Name: Homo sapiens],NA,NPASS,Oxymatrine,2778
P41134,9606 [Organism: human] [Scientific Name: Homo sapiens],NA,NPASS,Schisantherin A,3397
P04406,9606 [Organism: human] [Scientific Name: Homo sapiens],NA,NPASS,Osthole,2597
O14980,9606 [Organism: human] [Scientific Name: Homo sapiens],NA,NPASS,Osthole,7514
P56817,9606 [Organism: human] [Scientific Name: Homo sapiens],NA,NPASS,Osthole,23621
P52895,9606 [Organism: human] [Scientific Name: Homo sapiens],NA,promiscuous,Ursodeoxycholic acid,1646
P52895,9606 [Organism: human] [Scientific Name: Homo sapiens],NA,promiscuous,Chenodeoxycholic acid,1646
P52895,9606 [Organism: human] [Scientific Name: Homo sapiens],NA,promiscuous,Glycyrrhizic acid,1646
Q12908,9606 [Organism: human] [Scientific Name: Homo sapiens],NA,promiscuous,Ursodeoxycholic acid,6555
Q12908,9606 [Organism: human] [Scientific Name: Homo sapiens],NA,promiscuous,Chenodeoxycholic acid,6555
Q12908,9606 [Organism: human] [Scientific Name: Homo sapiens],NA,drugbank,Deoxycholic acid,6555
Q14973,9606 [Organism: human] [Scientific Name: Homo sapiens],NA,promiscuous,Ursodeoxycholic acid,6554
Q14973,9606 [Organism: human] [Scientific Name: Homo sapiens],NA,drugbank,Deoxycholic acid,6554
Q8TDU6,9606 [Organism: human] [Scientific Name: Homo sapiens],NA,promiscuous,Ursodeoxycholic acid,151306
Q8TDU6,9606 [Organism: human] [Scientific Name: Homo sapiens],NA,promiscuous,Chenodeoxycholic acid,151306
Q8TDU6,9606 [Organism: human] [Scientific Name: Homo sapiens],NA,drugbank,Deoxycholic acid,151306
Q9NZ45,9606 [Organism: human] [Scientific Name: Homo sapiens],NA,promiscuous,Ursodeoxycholic acid,55847
P05181,9606 [Organism: human] [Scientific Name: Homo sapiens],NA,promiscuous,Ursodeoxycholic acid,1571
O95342,9606 [Organism: human] [Scientific Name: Homo sapiens],NA,promiscuous,Ursodeoxycholic acid,8647
O95342,9606 [Organism: human] [Scientific Name: Homo sapiens],NA,promiscuous,Glycyrrhizic acid,8647
O95342,9606 [Organism: human] [Scientific Name: Homo sapiens],NA,drugbank,Deoxycholic acid,8647
P46721,9606 [Organism: human] [Scientific Name: Homo sapiens],NA,promiscuous,Ursodeoxycholic acid,6579
P46721,9606 [Organism: human] [Scientific Name: Homo sapiens],NA,drugbank,Deoxycholic acid,6579
O15439,9606 [Organism: human] [Scientific Name: Homo sapiens],NA,promiscuous,Ursodeoxycholic acid,10257
Q9UNQ0,9606 [Organism: human] [Scientific Name: Homo sapiens],NA,promiscuous,Daidzin,9429
O00255,9606 [Organism: human] [Scientific Name: Homo sapiens],NA,promiscuous,Resveratrol,4221
O00255,9606 [Organism: human] [Scientific Name: Homo sapiens],NA,promiscuous,Chenodeoxycholic acid,4221
O00255,9606 [Organism: human] [Scientific Name: Homo sapiens],NA,promiscuous,Emodin,4221
P05106,9606 [Organism: human] [Scientific Name: Homo sapiens],NA,promiscuous,Resveratrol,3690
P08648,9606 [Organism: human] [Scientific Name: Homo sapiens],NA,promiscuous,Resveratrol,3678
P11166,9606 [Organism: human] [Scientific Name: Homo sapiens],NA,promiscuous,Resveratrol,6513
P16152,9606 [Organism: human] [Scientific Name: Homo sapiens],NA,promiscuous,Resveratrol,873
P48039,9606 [Organism: human] [Scientific Name: Homo sapiens],NA,promiscuous,Resveratrol,4543
P49286,9606 [Organism: human] [Scientific Name: Homo sapiens],NA,promiscuous,Resveratrol,4544
P54577,9606 [Organism: human] [Scientific Name: Homo sapiens],NA,promiscuous,Resveratrol,8565
Q00653,9606 [Organism: human] [Scientific Name: Homo sapiens],NA,promiscuous,Resveratrol,4791
Q00653,9606 [Organism: human] [Scientific Name: Homo sapiens],NA,promiscuous,Andrographolide,4791
Q07869,9606 [Organism: human] [Scientific Name: Homo sapiens],NA,promiscuous,Resveratrol,5465
Q86T13,9606 [Organism: human] [Scientific Name: Homo sapiens],NA,promiscuous,Resveratrol,161198
Q8TCG2,9606 [Organism: human] [Scientific Name: Homo sapiens],NA,promiscuous,Resveratrol,55300
Q92945,9606 [Organism: human] [Scientific Name: Homo sapiens],NA,promiscuous,Resveratrol,8570
P02766,9606 [Organism: human] [Scientific Name: Homo sapiens],NA,promiscuous,Resveratrol,7276
P02768,9606 [Organism: human] [Scientific Name: Homo sapiens],NA,promiscuous,Resveratrol,213
P02768,9606 [Organism: human] [Scientific Name: Homo sapiens],NA,promiscuous,Glycyrrhizic acid,213
P0DP23,9606 [Organism: human] [Scientific Name: Homo sapiens],NA,promiscuous,Hesperidin,801
P0DP23,9606 [Organism: human] [Scientific Name: Homo sapiens],NA,promiscuous,Hesperidin,805
P0DP23,9606 [Organism: human] [Scientific Name: Homo sapiens],NA,promiscuous,Hesperidin,808
Q00975,9606 [Organism: human] [Scientific Name: Homo sapiens],NA,promiscuous,Hesperidin,774
P01375,9606 [Organism: human] [Scientific Name: Homo sapiens],NA,promiscuous,Andrographolide,7124
P01375,9606 [Organism: human] [Scientific Name: Homo sapiens],NA,promiscuous,Glycyrrhizic acid,7124
P01584,9606 [Organism: human] [Scientific Name: Homo sapiens],NA,promiscuous,Andrographolide,3553
P05231,9606 [Organism: human] [Scientific Name: Homo sapiens],NA,promiscuous,Andrographolide,3569
Q02318,9606 [Organism: human] [Scientific Name: Homo sapiens],NA,promiscuous,Chenodeoxycholic acid,1593
P67870,9606 [Organism: human] [Scientific Name: Homo sapiens],NA,promiscuous,Emodin,1460
Q9Y468,9606 [Organism: human] [Scientific Name: Homo sapiens],NA,promiscuous,Acteoside,26013
P06858,9606 [Organism: human] [Scientific Name: Homo sapiens],NA,promiscuous,Glycyrrhizic acid,4023
P09429,9606 [Organism: human] [Scientific Name: Homo sapiens],NA,promiscuous,Glycyrrhizic acid,3146
P28845,9606 [Organism: human] [Scientific Name: Homo sapiens],NA,promiscuous,Glycyrrhizic acid,3290
P42574,9606 [Organism: human] [Scientific Name: Homo sapiens],NA,promiscuous,Glycyrrhizic acid,836
P80365,9606 [Organism: human] [Scientific Name: Homo sapiens],NA,promiscuous,Glycyrrhizic acid,3291
P17516,9606 [Organism: human] [Scientific Name: Homo sapiens],NA,promiscuous,Glycyrrhizic acid,1109
P42330,9606 [Organism: human] [Scientific Name: Homo sapiens],NA,promiscuous,Glycyrrhizic acid,8644
P09211,9606 [Organism: human] [Scientific Name: Homo sapiens],NA,drugbank,Deoxycholic acid,2950
Q7Z2Z2,9606 [Organism: human] [Scientific Name: Homo sapiens],NA,drugbank,Deoxycholic acid,79631
